{
  "IcoMoonType": "selection",
  "icons": [
    {
      "icon": {
        "paths": [
          "M704 640c-64 64-64 128-128 128s-128-64-192-128-128-128-128-192 64-64 128-128-128-256-192-256-192 192-192 192c0 128 131.5 387.5 256 512s384 256 512 256c0 0 192-128 192-192s-192-256-256-192z"
        ],
        "tags": [
          "phone",
          "telephone",
          "contact",
          "support",
          "call"
        ],
        "defaultCode": 59714,
        "grid": 16,
        "attrs": []
      },
      "attrs": [],
      "properties": {
        "ligatures": "phone, telephone",
        "name": "phone",
        "order": 9,
        "id": 67,
        "prevSize": 32
      },
      "setIdx": 0,
      "setId": 1,
      "iconIdx": 66
    },
    {
      "icon": {
        "paths": [
          "M853.342 0h-682.656c-93.874 0-170.686 76.81-170.686 170.69v682.622c0 93.938 76.812 170.688 170.686 170.688h682.656c93.876 0 170.658-76.75 170.658-170.69v-682.62c0-93.88-76.782-170.69-170.658-170.69zM853.342 128c7.988 0 15.546 2.334 22.020 6.342l-363.362 300.404-363.354-300.4c6.478-4.010 14.044-6.346 22.040-6.346h682.656zM170.686 896c-1.924 0-3.82-0.146-5.684-0.408l225.626-312.966-29.256-29.254-233.372 233.37v-611.138l384 464.396 384-464.394v611.136l-233.372-233.37-29.254 29.254 225.628 312.968c-1.858 0.26-3.746 0.406-5.662 0.406h-682.654z"
        ],
        "tags": [
          "mail",
          "contact",
          "support",
          "newsletter",
          "letter",
          "email",
          "envelop",
          "social"
        ],
        "defaultCode": 60036,
        "grid": 16,
        "attrs": []
      },
      "attrs": [],
      "properties": {
        "ligatures": "mail3, contact3",
        "name": "mail2",
        "order": 10,
        "id": 389,
        "prevSize": 32
      },
      "setIdx": 0,
      "setId": 1,
      "iconIdx": 388
    },
    {
      "icon": {
        "paths": [
          "M438 640l-184.6 320h580.6l184.6-320z",
          "M992.4 576l-295.6-512h-369.6l295.6 512z",
          "M290.2 128l-290.2 502.8 184.8 320 290.2-502.8z"
        ],
        "tags": [
          "google-drive",
          "brand"
        ],
        "defaultCode": 60047,
        "grid": 16,
        "attrs": []
      },
      "attrs": [],
      "properties": {
        "ligatures": "google-drive, brand9",
        "name": "google-drive",
        "order": 15,
        "id": 400,
        "prevSize": 32
      },
      "setIdx": 0,
      "setId": 1,
      "iconIdx": 399
    },
    {
      "icon": {
        "paths": [
          "M928 0h-832c-52.8 0-96 43.2-96 96v832c0 52.8 43.2 96 96 96h416v-448h-128v-128h128v-64c0-105.8 86.2-192 192-192h128v128h-128c-35.2 0-64 28.8-64 64v64h192l-32 128h-160v448h288c52.8 0 96-43.2 96-96v-832c0-52.8-43.2-96-96-96z"
        ],
        "tags": [
          "facebook",
          "brand",
          "social"
        ],
        "defaultCode": 60049,
        "grid": 16,
        "attrs": []
      },
      "attrs": [],
      "properties": {
        "ligatures": "facebook2, brand11",
        "name": "facebook2",
        "order": 4,
        "id": 402,
        "prevSize": 32
      },
      "setIdx": 0,
      "setId": 1,
      "iconIdx": 401
    },
    {
      "icon": {
        "paths": [
          "M1024 226.4c-37.6 16.8-78.2 28-120.6 33 43.4-26 76.6-67.2 92.4-116.2-40.6 24-85.6 41.6-133.4 51-38.4-40.8-93-66.2-153.4-66.2-116 0-210 94-210 210 0 16.4 1.8 32.4 5.4 47.8-174.6-8.8-329.4-92.4-433-219.6-18 31-28.4 67.2-28.4 105.6 0 72.8 37 137.2 93.4 174.8-34.4-1-66.8-10.6-95.2-26.2 0 0.8 0 1.8 0 2.6 0 101.8 72.4 186.8 168.6 206-17.6 4.8-36.2 7.4-55.4 7.4-13.6 0-26.6-1.4-39.6-3.8 26.8 83.4 104.4 144.2 196.2 146-72 56.4-162.4 90-261 90-17 0-33.6-1-50.2-3 93.2 59.8 203.6 94.4 322.2 94.4 386.4 0 597.8-320.2 597.8-597.8 0-9.2-0.2-18.2-0.6-27.2 41-29.4 76.6-66.4 104.8-108.6z"
        ],
        "tags": [
          "twitter",
          "brand",
          "tweet",
          "social"
        ],
        "defaultCode": 60054,
        "grid": 16,
        "attrs": []
      },
      "attrs": [],
      "properties": {
        "ligatures": "twitter, brand16",
        "name": "twitter",
        "order": 5,
        "id": 407,
        "prevSize": 32
      },
      "setIdx": 0,
      "setId": 1,
      "iconIdx": 406
    },
    {
      "icon": {
        "paths": [
          "M96 0l-96 160v736h256v128h128l128-128h160l288-288v-608h-864zM832 544l-160 160h-160l-128 128v-128h-192v-576h640v416z",
          "M608 256h96v256h-96v-256z",
          "M416 256h96v256h-96v-256z"
        ],
        "tags": [
          "twitch",
          "brand",
          "social"
        ],
        "defaultCode": 60063,
        "grid": 16,
        "attrs": []
      },
      "attrs": [],
      "properties": {
        "ligatures": "twitch, brand23",
        "name": "twitch",
        "order": 13,
        "id": 416,
        "prevSize": 32
      },
      "setIdx": 0,
      "setId": 1,
      "iconIdx": 415
    },
    {
      "icon": {
        "paths": [
          "M303.922 836.010c27.144 0 53.786-13.136 69.972-37.416 25.734-38.602 15.302-90.754-23.298-116.488l-66.074-44.048c11.308-3.080 23.194-4.756 35.478-4.756 74.392 0 134.696 60.304 134.696 134.698s-60.306 134.698-134.698 134.698c-72.404 0-131.444-57.132-134.548-128.774l71.954 47.968c14.322 9.548 30.506 14.118 46.518 14.118zM853.34 0c93.876 0 170.66 76.812 170.66 170.688v682.628c0 93.936-76.784 170.684-170.66 170.684h-682.652c-93.876 0-170.688-76.75-170.688-170.682v-203.028l121.334 80.888c-11.652 63.174 6.938 130.83 55.798 179.69 78.904 78.904 206.83 78.904 285.736 0 48.468-48.466 67.15-115.43 56.076-178.166l249.056-222.988c46.248-6.638 90.816-27.744 126.394-63.322 87.476-87.476 87.476-229.306 0-316.784-87.48-87.478-229.308-87.478-316.786 0-35.578 35.578-56.684 80.146-63.322 126.392v0l-204.694 310.23c-31.848 1.632-63.378 10.764-91.726 27.392l-217.866-145.244v-277.69c0-93.876 76.81-170.688 170.686-170.688h682.654zM896 288c0-88.366-71.634-160-160-160s-160 71.634-160 160 71.634 160 160 160 160-71.634 160-160zM640 288c0-53.020 42.98-96 96-96s96 42.98 96 96-42.98 96-96 96-96-42.98-96-96z"
        ],
        "tags": [
          "steam",
          "brand",
          "social"
        ],
        "defaultCode": 60077,
        "grid": 16,
        "attrs": []
      },
      "attrs": [],
      "properties": {
        "ligatures": "steam2, brand37",
        "name": "steam2",
        "order": 11,
        "id": 430,
        "prevSize": 32
      },
      "setIdx": 0,
      "setId": 1,
      "iconIdx": 429
    },
    {
      "icon": {
        "paths": [
          "M736 32l-224 192 288 192 224-192z",
          "M512 224l-224-192-288 192 224 192z",
          "M800 416l224 192-288 160-224-192z",
          "M512 576l-288-160-224 192 288 160z",
          "M728.156 845.57l-216.156-185.278-216.158 185.278-135.842-75.468v93.898l352 160 352-160v-93.898z"
        ],
        "tags": [
          "dropbox",
          "brand"
        ],
        "defaultCode": 60078,
        "grid": 16,
        "attrs": []
      },
      "attrs": [],
      "properties": {
        "ligatures": "dropbox, brand38",
        "name": "dropbox",
        "order": 16,
        "id": 431,
        "prevSize": 32
      },
      "setIdx": 0,
      "setId": 1,
      "iconIdx": 430
    },
    {
      "icon": {
        "paths": [
          "M512.008 12.642c-282.738 0-512.008 229.218-512.008 511.998 0 226.214 146.704 418.132 350.136 485.836 25.586 4.738 34.992-11.11 34.992-24.632 0-12.204-0.48-52.542-0.696-95.324-142.448 30.976-172.504-60.41-172.504-60.41-23.282-59.176-56.848-74.916-56.848-74.916-46.452-31.778 3.51-31.124 3.51-31.124 51.4 3.61 78.476 52.766 78.476 52.766 45.672 78.27 119.776 55.64 149.004 42.558 4.588-33.086 17.852-55.68 32.506-68.464-113.73-12.942-233.276-56.85-233.276-253.032 0-55.898 20.004-101.574 52.76-137.428-5.316-12.9-22.854-64.972 4.952-135.5 0 0 43.006-13.752 140.84 52.49 40.836-11.348 84.636-17.036 128.154-17.234 43.502 0.198 87.336 5.886 128.256 17.234 97.734-66.244 140.656-52.49 140.656-52.49 27.872 70.528 10.35 122.6 5.036 135.5 32.82 35.856 52.694 81.532 52.694 137.428 0 196.654-119.778 239.95-233.79 252.624 18.364 15.89 34.724 47.046 34.724 94.812 0 68.508-0.596 123.644-0.596 140.508 0 13.628 9.222 29.594 35.172 24.566 203.322-67.776 349.842-259.626 349.842-485.768 0-282.78-229.234-511.998-511.992-511.998z"
        ],
        "tags": [
          "github",
          "brand",
          "octacat",
          "social"
        ],
        "defaultCode": 60080,
        "grid": 16,
        "attrs": []
      },
      "attrs": [],
      "properties": {
        "ligatures": "github, brand40",
        "name": "github",
        "order": 7,
        "id": 433,
        "prevSize": 32
      },
      "setIdx": 0,
      "setId": 1,
      "iconIdx": 432
    },
    {
      "icon": {
        "paths": [
          "M0 0v1024h1024v-1024h-1024zM832 832h-128v-512h-192v512h-320v-640h640v640z"
        ],
        "tags": [
          "npm",
          "brand"
        ],
        "defaultCode": 60081,
        "grid": 16,
        "attrs": []
      },
      "attrs": [],
      "properties": {
        "name": "npm",
        "ligatures": "npm, brand41",
        "order": 17,
        "id": 434,
        "prevSize": 32
      },
      "setIdx": 0,
      "setId": 1,
      "iconIdx": 433
    },
    {
      "icon": {
        "paths": [
          "M928 0h-832c-52.8 0-96 43.2-96 96v832c0 52.8 43.2 96 96 96h832c52.8 0 96-43.2 96-96v-832c0-52.8-43.2-96-96-96zM448 768c0 35.2-28.8 64-64 64h-128c-35.2 0-64-28.8-64-64v-512c0-35.2 28.8-64 64-64h128c35.2 0 64 28.8 64 64v512zM832 576c0 35.2-28.8 64-64 64h-128c-35.2 0-64-28.8-64-64v-320c0-35.2 28.8-64 64-64h128c35.2 0 64 28.8 64 64v320z"
        ],
        "tags": [
          "trello",
          "brand"
        ],
        "defaultCode": 60083,
        "grid": 16,
        "attrs": []
      },
      "attrs": [],
      "properties": {
        "name": "trello",
        "ligatures": "trello, brand43",
        "order": 18,
        "id": 436,
        "prevSize": 32
      },
      "setIdx": 0,
      "setId": 1,
      "iconIdx": 435
    },
    {
      "icon": {
        "paths": [
          "M928 0h-832c-52.8 0-96 43.2-96 96v832c0 52.8 43.2 96 96 96h832c52.8 0 96-43.2 96-96v-832c0-52.8-43.2-96-96-96zM731.8 824.6c-30.2 14.2-57.6 24.2-82 30-24.4 5.6-51 8.6-79.4 8.6-32.4 0-51.4-4-76.2-12.2s-46-19.8-63.6-34.8c-17.6-15.2-29.6-31.2-36.4-48.2s-10.2-41.6-10.2-74v-247.8h-96v-100c27.8-9 60-22 79.6-38.8 19.8-16.8 35.8-37 47.6-60.6 12-23.6 20.2-53.6 24.8-90h100.4v163.2h163.6v126.2h-163.4v181.2c0 41-0.6 64.6 3.8 76.2s15.2 23.6 27 30.4c15.6 9.4 33.6 14 53.6 14 35.8 0 71.4-11.6 106.8-34.8v111.4z"
        ],
        "tags": [
          "tumblr",
          "brand",
          "social"
        ],
        "defaultCode": 60090,
        "grid": 16,
        "attrs": []
      },
      "attrs": [],
      "properties": {
        "ligatures": "tumblr2, brand50",
        "name": "tumblr2",
        "order": 12,
        "id": 443,
        "prevSize": 32
      },
      "setIdx": 0,
      "setId": 1,
      "iconIdx": 442
    },
    {
      "icon": {
        "paths": [
          "M425.6 37.4c-1.6-1-3.4-1.8-5-2.6-1.8 0.4-3.4 0.6-5.2 1l10.2 1.6z",
          "M36.8 421c-0.4 1.8-0.6 3.6-0.8 5.2 1 1.6 1.6 3.2 2.6 4.8l-1.8-10z",
          "M986.8 602.6c0.4-1.8 0.6-3.6 1-5.4-1-1.6-1.6-3.2-2.6-4.8l1.6 10.2z",
          "M592 983c1.6 1 3.4 1.8 5 2.6 1.8-0.4 3.6-0.6 5.4-0.8l-10.4-1.8z",
          "M987.8 597.2c-0.4 1.8-0.6 3.6-1 5.4l-1.8-10.4c1 1.8 1.8 3.4 2.8 5 5.2-28.8 8-58.2 8-87.6 0-65.2-12.8-128.6-38-188.2-24.4-57.6-59.2-109.4-103.6-153.8s-96.2-79.2-153.6-103.6c-59.6-25.2-123-38-188.2-38-30.8 0-61.6 2.8-91.6 8.6 0 0-0.2 0-0.2 0 1.6 0.8 3.4 1.6 5 2.6l-10.2-1.6c1.8-0.4 3.4-0.6 5.2-1-41.2-21.8-87.4-33.6-134.2-33.6-76.4 0-148.4 29.8-202.4 83.8s-83.8 126-83.8 202.4c0 48.6 12.6 96.6 36 138.8 0.4-1.8 0.6-3.6 0.8-5.2l1.8 10.2c-1-1.6-1.8-3.2-2.6-4.8-4.8 27.4-7.2 55.4-7.2 83.4 0 65.2 12.8 128.6 38 188.2 24.4 57.6 59.2 109.2 103.6 153.6s96.2 79.2 153.8 103.6c59.6 25.2 123 38 188.2 38 28.4 0 56.8-2.6 84.6-7.6-1.6-1-3.2-1.8-5-2.6l10.4 1.8c-1.8 0.4-3.6 0.6-5.4 0.8 42.8 24.2 91.4 37.2 140.8 37.2 76.4 0 148.4-29.8 202.4-83.8s83.8-126 83.8-202.4c-0.2-48.6-12.8-96.6-36.4-139.2zM514.2 805.8c-171.8 0-248.6-84.4-248.6-147.8 0-32.4 24-55.2 57-55.2 73.6 0 54.4 105.6 191.6 105.6 70.2 0 109-38.2 109-77.2 0-23.4-11.6-49.4-57.8-60.8l-152.8-38.2c-123-30.8-145.4-97.4-145.4-160 0-129.8 122.2-178.6 237-178.6 105.8 0 230.4 58.4 230.4 136.4 0 33.4-29 52.8-62 52.8-62.8 0-51.2-86.8-177.6-86.8-62.8 0-97.4 28.4-97.4 69s49.6 53.6 92.6 63.4l113.2 25.2c123.8 27.6 155.2 100 155.2 168 0 105.4-81 184.2-244.4 184.2z"
        ],
        "tags": [
          "skype",
          "brand",
          "social"
        ],
        "defaultCode": 60101,
        "grid": 16,
        "attrs": []
      },
      "attrs": [],
      "properties": {
        "ligatures": "skype, brand60",
        "name": "skype",
        "order": 19,
        "id": 454,
        "prevSize": 32
      },
      "setIdx": 0,
      "setId": 1,
      "iconIdx": 453
    },
    {
      "icon": {
        "paths": [
          "M928 0h-832c-52.8 0-96 43.2-96 96v832c0 52.8 43.2 96 96 96h832c52.8 0 96-43.2 96-96v-832c0-52.8-43.2-96-96-96zM384 832h-128v-448h128v448zM320 320c-35.4 0-64-28.6-64-64s28.6-64 64-64c35.4 0 64 28.6 64 64s-28.6 64-64 64zM832 832h-128v-256c0-35.4-28.6-64-64-64s-64 28.6-64 64v256h-128v-448h128v79.4c26.4-36.2 66.8-79.4 112-79.4 79.6 0 144 71.6 144 160v288z"
        ],
        "tags": [
          "linkedin",
          "brand",
          "social"
        ],
        "defaultCode": 60105,
        "grid": 16,
        "attrs": []
      },
      "attrs": [],
      "properties": {
        "ligatures": "linkedin, brand64",
        "name": "linkedin",
        "order": 8,
        "id": 458,
        "prevSize": 32
      },
      "setIdx": 0,
      "setId": 1,
      "iconIdx": 457
    },
    {
      "icon": {
        "paths": [
          "M512 0c-282.4 0-512 229.6-512 512s229.6 512 512 512 512-229.6 512-512-229.6-512-512-512zM512 955.6c-45.8 0-89.8-7-131.4-19.8 18-29.4 45.2-77.8 55.2-116.2 5.4-20.8 27.6-105.4 27.6-105.4 14.4 27.6 56.8 51 101.6 51 133.8 0 230.2-123 230.2-276 0-146.6-119.6-256.2-273.4-256.2-191.4 0-293 128.6-293 268.4 0 65 34.6 146 90 171.8 8.4 4 12.8 2.2 14.8-6 1.4-6.2 9-36.2 12.4-50.4 1-4.4 0.6-8.4-3-12.8-18.4-22.2-33-63.2-33-101.2 0-97.8 74-192.6 200.2-192.6 109 0 185.2 74.2 185.2 180.4 0 120-60.6 203.2-139.4 203.2-43.6 0-76.2-36-65.6-80.2 12.6-52.8 36.8-109.6 36.8-147.6 0-34-18.2-62.4-56.2-62.4-44.6 0-80.2 46-80.2 107.8 0 39.2 13.2 65.8 13.2 65.8s-44 185.8-52 220.4c-9 38.4-5.4 92.2-1.6 127.2-165-64.4-282-224.8-282-412.8 0-245 198.6-443.6 443.6-443.6s443.6 198.6 443.6 443.6c0 245-198.6 443.6-443.6 443.6z"
        ],
        "tags": [
          "pinterest",
          "brand",
          "social"
        ],
        "defaultCode": 60114,
        "grid": 16,
        "attrs": []
      },
      "attrs": [],
      "properties": {
        "ligatures": "pinterest2, brand73",
        "name": "pinterest2",
        "order": 14,
        "id": 467,
        "prevSize": 32
      },
      "setIdx": 0,
      "setId": 1,
      "iconIdx": 466
    },
    {
      "icon": {
        "paths": [
          "M842.012 589.48c-13.648-13.446-43.914-20.566-89.972-21.172-31.178-0.344-68.702 2.402-108.17 7.928-17.674-10.198-35.892-21.294-50.188-34.658-38.462-35.916-70.568-85.772-90.576-140.594 1.304-5.12 2.414-9.62 3.448-14.212 0 0 21.666-123.060 15.932-164.666-0.792-5.706-1.276-7.362-2.808-11.796l-1.882-4.834c-5.894-13.592-17.448-27.994-35.564-27.208l-10.916-0.344c-20.202 0-36.664 10.332-40.986 25.774-13.138 48.434 0.418 120.892 24.98 214.738l-6.288 15.286c-17.588 42.876-39.63 86.060-59.078 124.158l-2.528 4.954c-20.46 40.040-39.026 74.028-55.856 102.822l-17.376 9.188c-1.264 0.668-31.044 16.418-38.028 20.644-59.256 35.38-98.524 75.542-105.038 107.416-2.072 10.17-0.53 23.186 10.014 29.212l16.806 8.458c7.292 3.652 14.978 5.502 22.854 5.502 42.206 0 91.202-52.572 158.698-170.366 77.93-25.37 166.652-46.458 244.412-58.090 59.258 33.368 132.142 56.544 178.142 56.544 8.168 0 15.212-0.78 20.932-2.294 8.822-2.336 16.258-7.368 20.792-14.194 8.926-13.432 10.734-31.932 8.312-50.876-0.72-5.622-5.21-12.574-10.068-17.32zM211.646 814.048c7.698-21.042 38.16-62.644 83.206-99.556 2.832-2.296 9.808-8.832 16.194-14.902-47.104 75.124-78.648 105.066-99.4 114.458zM478.434 199.686c13.566 0 21.284 34.194 21.924 66.254s-6.858 54.56-16.158 71.208c-7.702-24.648-11.426-63.5-11.426-88.904 0 0-0.566-48.558 5.66-48.558v0zM398.852 637.494c9.45-16.916 19.282-34.756 29.33-53.678 24.492-46.316 39.958-82.556 51.478-112.346 22.91 41.684 51.444 77.12 84.984 105.512 4.186 3.542 8.62 7.102 13.276 10.65-68.21 13.496-127.164 29.91-179.068 49.862v0zM828.902 633.652c-4.152 2.598-16.052 4.1-23.708 4.1-24.708 0-55.272-11.294-98.126-29.666 16.468-1.218 31.562-1.838 45.102-1.838 24.782 0 32.12-0.108 56.35 6.072 24.228 6.18 24.538 18.734 20.382 21.332v0z",
          "M917.806 229.076c-22.21-30.292-53.174-65.7-87.178-99.704s-69.412-64.964-99.704-87.178c-51.574-37.82-76.592-42.194-90.924-42.194h-496c-44.112 0-80 35.888-80 80v864c0 44.112 35.886 80 80 80h736c44.112 0 80-35.888 80-80v-624c0-14.332-4.372-39.35-42.194-90.924v0zM785.374 174.626c30.7 30.7 54.8 58.398 72.58 81.374h-153.954v-153.946c22.982 17.78 50.678 41.878 81.374 72.572v0zM896 944c0 8.672-7.328 16-16 16h-736c-8.672 0-16-7.328-16-16v-864c0-8.672 7.328-16 16-16 0 0 495.956-0.002 496 0v224c0 17.672 14.324 32 32 32h224v624z"
        ],
        "tags": [
          "file-pdf",
          "file",
          "file-format"
        ],
        "defaultCode": 60127,
        "grid": 16,
        "attrs": []
      },
      "attrs": [],
      "properties": {
        "ligatures": "file-pdf, file10",
        "name": "file-pdf",
        "order": 20,
        "id": 480,
        "prevSize": 32
      },
      "setIdx": 0,
      "setId": 1,
      "iconIdx": 479
    }
  ],
  "height": 1024,
  "preferences": {
    "showGlyphs": true,
    "showQuickUse": true,
    "showQuickUse2": true,
    "showSVGs": true,
    "fontPref": {
      "prefix": "icon-",
      "metadata": {
        "fontFamily": "icomoon"
      },
      "metrics": {
        "emSize": 1024,
        "baseline": 6.25,
        "whitespace": 50
      },
      "embed": false
    },
    "imagePref": {
      "prefix": "icon-",
      "png": false,
      "useClassSelector": true,
      "color": 0,
      "bgColor": 16777215,
      "classSelector": ".icon",
      "name": "icomoon",
      "height": 32,
      "columns": 16,
      "margin": 16
    },
    "historySize": 50,
    "showCodes": true,
    "gridSize": 16
  }
}